dex,class,script_hash
GeniusYield,GeniusYieldOrderBook,a8d7ff5cf4c117270288372f9ac8e1ce5b758ae15a7851c41661a48c
GeniusYield,GeniusYieldOrderBook,edfff663d37fc5f9753bc4222e0da2bfe08aa48db0837d2c329adeb3
Minswap,MinswapCPPState,e1317b152faac13426e6a83e06ff88a4d62cce3c1634ab0a5ec13309
Minswap,MinswapDJEDUSDCStableState,8edad0df48fe66f9785b327321abb50b23d4b37bc4250504632be59e
Minswap,MinswapDJEDUSDMStableState,8cd62e5a2553c5d57be78ba0058451b925b4f1d111a2f6fd5c73a94b
Minswap,MinswapDJEDiUSDStableState,3d6b603c4c4abe4273223b45a858e7f546b8c520048f43218e250c66
Minswap,MinswapUSDAUSDMStableState,1cd639e0731532fb27252504801100c9cd0f31419c0c63c914301771
MinswapV2,MinswapV2CPPState,ea07b733d932129c378af627436e7cbc2ef0bf96e0036bb51b3bde6b
Minswap,MinswapiUSDUSDCStableState,aae7c6c0a2d37ef5aa4ed1fca519949fd9f6588318839dc5d7c7b27f
Minswap,MinswapiUSDUSDMStableState,68a7a481d2221939af26d24ab146b7695cdb5cfb2b73b319a5449227
MuesliSwap,MuesliSwapCPPState,7045237d1eb0199c84dffe58fe6df7dc5d255eb4d418e4146d5721f8
MuesliSwap,MuesliSwapCPPState,e8baad9288dc9abdc099b46f2ac006b1a82c7df4996e067f00c04e8d
MuesliSwap,MuesliSwapCPPState,db21c4e1c2cad0e5cc67adaf1b97ad0c195125b90508e0258964fc43
Spectrum,SpectrumCPPState,e628bfd68c07a7a38fcd7d8df650812a9dfdbee54b1ed4c25c87ffbf
Spectrum,SpectrumCPPState,6b9c456aa650cb808a9ab54326e039d5235ed69f069c9664a8fe5b69
Splash,SplashCPPBidirState,680f52841c06f32cecdcdeff2c20ce6b70c2a5249b94d1a2b4eff294
Splash,SplashCPPState,f002facfd69d51b63e7046c6d40349b0b17c8dd775ee415c66af3ccc
Splash,SplashCPPState,9dee0659686c3ab807895c929e3284c11222affd710b09be690f924d
Splash,SplashSSPState,5d3df99fcfbbf282bd76a3d76a2e30bdd22e61c56f1462447938933b
SundaeSwap,SundaeSwapCPPState,4020e7fc2de75a0729c3cc3af715b34d98381e0cdbcfa99c950bc3ac
SundaeSwapV3,SundaeSwapV3CPPState,e0302560ced2fdcbfcb2602697df970cd0d6a38f94b32703f51c312b
VyFi,VyFiCPPState,b831beac7110288367b4adbb42bab54c6905a750237b08260449a5de
VyFi,VyFiCPPState,cd2d50a2f836ab27a75f13d6b98a54c008848f91ea3bc025c27e76da
VyFi,VyFiCPPState,b3754a152a8a6307aa69dea9916dec3c655d8db76cf63cd1732a15e9
VyFi,VyFiCPPState,0cfccf1fb2d1f35315be5205eaf068b16e8daa157f2651c0dcc9299e
VyFi,VyFiCPPState,acaa4627d2389fed8f54b3d1752f5bc7f911ef3b7f9ff003514e204d
VyFi,VyFiCPPState,6e7b610204610546b9931bd7da7edb946901bcd830f6011b7af83b2f
VyFi,VyFiCPPState,35a1dab6d580d97dd30458247cbd741b429467b2f5041ece95f093c1
VyFi,VyFiCPPState,c1dac4501d511e79594eed02787d0565616c259b6fd74191308d5f00
VyFi,VyFiCPPState,64245f2536386baf56965fd1eb6333f2bfc42c0d7bb4a71caec50283
VyFi,VyFiCPPState,3608c47350e6be9facb7036fc32ed183396b6e75340ade4784c678c8
VyFi,VyFiCPPState,c84d68a02183b68702a8fb5eaef0bc79feae8838956e07562ba0c48a
VyFi,VyFiCPPState,23a6849c4f7edf7b55b7a0b2c6979719bef1dda0db79e09d9733388a
VyFi,VyFiCPPState,447d92599921722bbb2d542ddf02c0fd9ad6783f1c14090c734461c6
VyFi,VyFiCPPState,907eb25a3617ec64c5b755a418d53cc9dc3f2ca4f63d6486d0d2c4fc
VyFi,VyFiCPPState,672b4131d16524c7e0f1d5e589c067b1662d7fea1c83a1ead5e6e6c8
VyFi,VyFiCPPState,307850eb2a67d44155e7240d2a79fcb7e8f03cd35e98bab02a3d54f1
VyFi,VyFiCPPState,f3518e04afbd1b0754c95961af103f506de634e732f9c58c18b573a4
VyFi,VyFiCPPState,04fcc11a03459cf50eb43b173548b9a83315b52b4220442209713ce5
VyFi,VyFiCPPState,cdd41d463eb48299003de02a038b595c83ea4ca8428af4fae3fec885
VyFi,VyFiCPPState,bca00645f3d23f659c6e76fbc8f09aa68e7675e62e8f2b214e1b32ab
VyFi,VyFiCPPState,6db780e1ae6ecb514f4f08bd635fa7a3c6a6a5ae1353450360570721
VyFi,VyFiCPPState,370342f91a211c497cf2994e5dedb760a29e1507e80f4eb39d4c2d9a
VyFi,VyFiCPPState,03a0617f9d5ae4d0b1b156b6980c27e4726379065c0efd1934d13770
VyFi,VyFiCPPState,995699a23f27a24b15a3d9b4074268d5f74857df5b84cc20248e56ce
VyFi,VyFiCPPState,5746973325771f22ce520137f5d07f79ca181efa6e869cd3faece8ea
VyFi,VyFiCPPState,68b9962fee7f7e1cb1802821b39c42b4ee4cb22dfd5ef319aa26eb94
VyFi,VyFiCPPState,666b12fe355dd8883bd32ad30ec60866726a3bcc240176bdf1120ec0
VyFi,VyFiCPPState,f71cb5b7e02310ce618920b331edb83c985f13bad5d8d285a8f07085
VyFi,VyFiCPPState,0202f3494c22bd46cd172c2ca1f4b18fc1421b65a1ffd8244e26d5f7
VyFi,VyFiCPPState,b8a2b0b62944983135117ead54585665519e582f4f5d3a02af436d2c
VyFi,VyFiCPPState,15247f57b1af57a663b6966cf0541338cda44c035d04c8e64b42377c
VyFi,VyFiCPPState,fffe4c2d8d7585a86cb1a8167729c6853c232e2a817e598b401ba686
VyFi,VyFiCPPState,d4cd0ccdf23c9293175ec68feb56886dc889693e5082a359c30adaf2
VyFi,VyFiCPPState,0a268a2a66353cf2c739226e4787a4a28b7f30737a2a791b5e8b379b
VyFi,VyFiCPPState,6f965e144b76583dd1bfb4118f9a95b12ec6e1dd414aff87e882ffca
VyFi,VyFiCPPState,f5ff1ed259b67455efc125e553911bc44c870b7267d31d4c44ca96b2
VyFi,VyFiCPPState,70c4a681a05296f8a3938c57ea4c32ab090496754e8ddbd89583ba96
VyFi,VyFiCPPState,e48f2d3c59cdc210e4ff0e07135ba602c84cf86966897c49eb2bde72
VyFi,VyFiCPPState,fadb766f1023b2de5b8e6a065167f2d78fd74a43a800aeaf83d10bd2
VyFi,VyFiCPPState,5854ec667761c57872a7effd31494c3a0daba1d35e8377e02d326a27
VyFi,VyFiCPPState,579a60a9255fa93814a23daa4b55110475098398f400b5a07c4657df
VyFi,VyFiCPPState,29db5a6873e69bf3b7cee62d46004a2744ff1adb2188f4c86baa81e2
VyFi,VyFiCPPState,c1ae426439a45f49923c3ad296122d1d89e3775b1749d5621c873415
VyFi,VyFiCPPState,37dc35f82483978eb44d146b7fcbfbf4de276d994cd03f60eaebc0ec
VyFi,VyFiCPPState,177cc8327f1543225f0a1db6b14120f52d10a05bd623017a726c579d
VyFi,VyFiCPPState,3863447a458809aa42aef276bdb449ce4070676d0d1caaaed0cf4da2
VyFi,VyFiCPPState,cc433ad21bc9ff3eaf3c4aa3879527bc1dff686df37c3ab91ab2cc0b
VyFi,VyFiCPPState,8732687a1ebce3854f5ba64f609e7e0f97f7e11c70517cf04719d8d2
VyFi,VyFiCPPState,74c82ea5e9d4a3b3e963c683118f7c8be50314fd542024cea6ab2dcb
VyFi,VyFiCPPState,597ac49ad263cedd56a387e893544c14ab9e64959699d1ed528ac45c
VyFi,VyFiCPPState,f14cfe84471cfdeec5f8be487ba01194c6abd63ed42a342acdb62e32
VyFi,VyFiCPPState,4f819f5dd8d6966598a2d740b4e74b585ede2315c20f0d0df67c8f41
VyFi,VyFiCPPState,65302bbfb05636b784c9b95abf6dd619931e7a5c3f3c7b6fb08d2faf
VyFi,VyFiCPPState,55126301921898feca9c79517d5464b7e52bc4a7e0e6110a46a27f08
VyFi,VyFiCPPState,6f1564aa31fba36656930ae0aef4c928181b7238580ff70a0a39be21
VyFi,VyFiCPPState,e006bfb8d98aca3dd7166b3f6b6120e900191f2eb8932daaa3623f73
VyFi,VyFiCPPState,b256409c7aa2a46ba87453fd08b938f003bf2654eb3e870477d44ddd
VyFi,VyFiCPPState,afb6223a0c4dccdccb4896573128fbf1541463235148cef0e4ceb1ce
VyFi,VyFiCPPState,4f774214e28eea16be6d0976b90cef90e353a35d6f235d04b293dbce
VyFi,VyFiCPPState,6a704d8de5ee5357922957fea7d9999cd5a8523ca39ea759eb8ea255
VyFi,VyFiCPPState,b8a37e4984d30d0864165b16526a981fdb9b5aa3efbf8549f437fabc
VyFi,VyFiCPPState,91b06ccb882e9ab1d9a6f4093d8d86721a47e3bca67c7894febf44e9
VyFi,VyFiCPPState,6e5b6cee83bdd9d7f4aabb9be312c983705f25b00011732bd71c71d3
VyFi,VyFiCPPState,f3a45ca155b3e62acc80d858ea56fedb7aa590c4ac811d6179035376
VyFi,VyFiCPPState,1cb266f0ddceb90922bce7d0ec194644f14fc5a2ba016e9c7e1aa134
VyFi,VyFiCPPState,9b013cc5e2a99e9f2df0ea8ea09eeee6ed6526764ed4dd056ba1ca75
VyFi,VyFiCPPState,84e117bef45dd5a74fed6311b879357525ada6b86f03e2d3d185aea9
VyFi,VyFiCPPState,c4d2ace611db35552c5f06c5b4fdd2f561881179dd796e2443a22009
VyFi,VyFiCPPState,b596e1937c07ef249d101af23488e3270a51e0557f1e842f272b6df7
VyFi,VyFiCPPState,26c9bb537eb730f024a81bc019f88ffc4a015b3f499b2bde2798765a
VyFi,VyFiCPPState,52e35bd369fa32a0c3234e1eda6ce06b08c4fa34fbc28556355123dc
VyFi,VyFiCPPState,7da2643366790a71ad5dfc06eb569eb1c137cbc624d895a96f498f7e
VyFi,VyFiCPPState,2d8e5c1fc9dddc236642f3179368584c3294da18872b6d21b3bd0743
VyFi,VyFiCPPState,adb75c4a8c95992e16c3a7d60ec4167ddb510df779551b39f3fddd16
VyFi,VyFiCPPState,bbc753883d38e104ca791121e0cf13239a3edbeb1936545904639117
VyFi,VyFiCPPState,5f99eba64a3e1195c145627d3c9a56ecd680512dec79514ec749fbcc
VyFi,VyFiCPPState,aff81d4181237a9ea853c9462066351403f4b544a3fe5d99b395835a
VyFi,VyFiCPPState,dc362a3190ede921b0e95ee2c867691d74271e7aeec02ae7e490b1e9
VyFi,VyFiCPPState,ed6938f106c4a3bc6c06460c87ddf311cb1889c19b751a4f295491ef
VyFi,VyFiCPPState,ed184a5fa1f2946d287300ac2eaf2048bab3276d19b41465920a0c89
VyFi,VyFiCPPState,5320e46f75bede6bbcb2989a9cfa3bbdd694c4ba4e69868f2865b643
VyFi,VyFiCPPState,8d0af3aaf63bfc2269f37a69532e853e094f25a150010bf290d4ca8a
VyFi,VyFiCPPState,be4d8e744b85c3e606f2708793d56373b8ff6e9024026e29696b5e79
VyFi,VyFiCPPState,0c8e0edeca61e25f0712ae7bd326c9509843471b6ee441b19c4f3ed3
VyFi,VyFiCPPState,65a25f86c48be6e64b9926483b05fc92b16d42c5326268c8898d0b2c
VyFi,VyFiCPPState,0f71d4b9c196df1c5974e2ecbbc21dc1a49c9da71ff8bd7cda2d44fc
VyFi,VyFiCPPState,e7ab683624654f2dc47e2221f4adbd2893440a6a03399500fc6fb1cc
VyFi,VyFiCPPState,002059fc75b038a85b33ba4fdfaced4bed1247fbad24c538dd45245a
VyFi,VyFiCPPState,8d64c3096bf3d345007efdb513400a25f01112b0fa5e959412ab06fd
VyFi,VyFiCPPState,39e7a087596202ee2f39cc322bb658e95e5defea271f64f025ba7dd4
VyFi,VyFiCPPState,68e15d1709353384a4d104cb2d791188b75b74b8c02b3869169c167e
VyFi,VyFiCPPState,094b62e37c2be06a1c9deae4346f40315932f05ee8a3634d6d46601e
VyFi,VyFiCPPState,74157d54085eeb9afeb2b8b852166e18a1934716c3201869d54ee0f3
VyFi,VyFiCPPState,c75567d529380d214d27f5ec34be02b7a9aacb9fc6207845bccd7b6d
VyFi,VyFiCPPState,c118e8085de87a2b5b40fca831bfc019054876367715dcd3e01d5ca6
VyFi,VyFiCPPState,5707f2a69fb7893fd1419daae1cf36c4a57420f60e8fb1396f7d33cc
VyFi,VyFiCPPState,66b969c873c09241b490ed5ecbc80c174e88bd40ba8fa1dc2ec6d535
VyFi,VyFiCPPState,3027bab01828848d5bcf0883dd4f10fa3eb1e22f523dfba7ade31f99
VyFi,VyFiCPPState,dc47f1195fcb13e2b3e9c7b42df49425cf8d161cfe5a9fd4bdbff40a
VyFi,VyFiCPPState,560bf06243344635f7d921b985c09e3a39045083c9322e7314400a79
VyFi,VyFiCPPState,8478d2a4b41296f15815e3a51afc3266b8696d44d053ce88b456cb51
VyFi,VyFiCPPState,3148740f4f4bfa01a378098b70a4b5826ac9d44eba602e367f482547
VyFi,VyFiCPPState,b65cbd79852440adae77191d102237989ddc4a841944bbaf2cce2de9
VyFi,VyFiCPPState,39d06fe706eed8b5b42a2ea206d7f16b828dcca9d9ee114f3fbcc00d
VyFi,VyFiCPPState,4fc564aa154cd343545fe9c3b922887a9ab5d2c5ce821d09ee836a99
VyFi,VyFiCPPState,3e08e9f70e29d8a42d49ab1a1061ed6102147dbc640b64eb2a3f8033
VyFi,VyFiCPPState,7a6167bb1493b5e5b56de748790a75936d0ad80114c0a49d48bfb448
VyFi,VyFiCPPState,074eb7390c4d1ea1f9124b3ffa13e657b78e43ac1aaeac4cc6494e11
VyFi,VyFiCPPState,a047f7b4d91a56dd4d87c0ca126803e2316b3987a7abe174c9a6e57d
VyFi,VyFiCPPState,aef7e3a94998f9b74b54d99969f7a720bc4f57ca3f514b395c3d63cf
VyFi,VyFiCPPState,84bf455fe8930db898321747d6bb3f69b3ad6c85bc41471f8f9606eb
VyFi,VyFiCPPState,40dce1f256afffa81f993bd1115eed552ddeae40005fc3c7d44d8069
VyFi,VyFiCPPState,412d46171e7d63a4396f9e6b404e27d83544eda134030f2ae33918e8
VyFi,VyFiCPPState,fc17729bd3708c8fee9ae971e570920b36c8f4957dda2b3e9342d5be
VyFi,VyFiCPPState,d6c82b26af62797e27f6df9a9965d70ef5a7dd492c5411c78be3dd64
VyFi,VyFiCPPState,b66ff3d9c8311c35a0708d451cb8c72daf427ce23a5ced3b531a2113
VyFi,VyFiCPPState,6bd7c95d1a349e5dac982b3c4282e546c7df2aac2f9821f44dc526af
VyFi,VyFiCPPState,f1817de2e8d278d339efb537ebde5b66369300e8a1f9cf0be5904410
VyFi,VyFiCPPState,e77a6b80595a35e096e01a7099237a1d8d73a246377cbaaef330625f
VyFi,VyFiCPPState,3581609bb7e8d4dd14243d2c9d3834ab3d0a97916436d16d92801e64
VyFi,VyFiCPPState,1415ae7374249a619197376abeac36b7ad110de6dbd0a3eb3d1f7086
VyFi,VyFiCPPState,d70fb28747813e8fc3c938f7d9adefbd13d96df29cb43fef990f6498
VyFi,VyFiCPPState,f42073503863d6df9f96754bc6bc25c935a27063eee9c1090af8590c
VyFi,VyFiCPPState,895be52862a9769112f0ccd8d0cd5de1adfe5e03562422782c24b394
VyFi,VyFiCPPState,2c6ba5b2a99a31f859187fdaf4e5fcf69264ad51bc2e5c4f9f042822
VyFi,VyFiCPPState,507c8823bd315df87ec128b770354b7a8ecca9f16e6e8ed345d9e31c
VyFi,VyFiCPPState,4e974d891115a3dcb8059c88524b54385fd116425c99792aa7d1fd31
VyFi,VyFiCPPState,99a917d3773ff635dacebc6908284ea402656ceab373eb3a5a007df4
VyFi,VyFiCPPState,bfcf7b21280e686e33d41e5b6750732f66ed587aaae46cc9d1c2368e
VyFi,VyFiCPPState,5413c32e41c6a8582ce4a5164176224befa31a918778fe3982e7c766
VyFi,VyFiCPPState,a6772d006c886a065eb6004069a2a89b883047f3c288862b62fc8680
VyFi,VyFiCPPState,2b2526677e61e6d77178c50bbcc49c174d36fddd4877435f7b35697e
VyFi,VyFiCPPState,3752c1bb5e0b535e6ac0d369e7e57d21e95d4cf614a36a94ded781d4
VyFi,VyFiCPPState,43923f74bae14844934e616e3ea448e3528cc835e304668946d075db
VyFi,VyFiCPPState,178abbf2813159ad021320f4f479563e171cc8bae7244798ebb35d64
VyFi,VyFiCPPState,25ada4bc09b9e1bb6422e0e082166d19993ff808d136d52497731115
VyFi,VyFiCPPState,44f501f34a6551c85c81780d667a3b6cded496b1ea655393f37a7fad
VyFi,VyFiCPPState,19a709ccaa4ff3e34a5c18ebd995aafd39d2d032f24df62a6c3d3566
VyFi,VyFiCPPState,badff470870499324c16c738cc85378b00300e01e1444b23c8fd2022
VyFi,VyFiCPPState,9e8a5d39f149bcaa1b5a557c7f871e53ce3994628a026d15a5bde9ec
VyFi,VyFiCPPState,973d0e06e183ee8985c60f10dd332f3cfead08c3f89db13b524c5c18
VyFi,VyFiCPPState,e04c69f7b9a0b744cd94e5751057bf2df8ce458c0266613850edc122
VyFi,VyFiCPPState,f7ef7c8ee11b8d55c01b8a3c4843b337ae4fd57b9cc16645463bacae
VyFi,VyFiCPPState,a1abbc22197ed78ff30b484b38b18121d05f6bba3f8bd3c51beca21b
VyFi,VyFiCPPState,a0b622d8e19da4f6c601fec6e89ae7859b803a436fc769e5b494d549
VyFi,VyFiCPPState,20663c5748e717cb5200406b2585d6092440bb6d753cd424f6805b23
VyFi,VyFiCPPState,ba7920bb639b34d5271dd7a00858dae3eb34aefd171e342de34ebf7a
VyFi,VyFiCPPState,ffa5bb3a1d8464e1905bc8e37e9ea3e94525f3fe0605d914ec290319
VyFi,VyFiCPPState,f7ba0c0692fcf462884cfa0936604fccf841c819905d60d9e9e60cf1
VyFi,VyFiCPPState,b0e5ac08269edac1e9cfcc219a371a95244fd0bd5c5038d417d98400
VyFi,VyFiCPPState,851d0a472a7d07232b19e19a296e082067bf81a40824bc9121fe22e0
VyFi,VyFiCPPState,f66a17775f86ffdd87895f7a3ef19fae27db7e7bd6a002161900d073
VyFi,VyFiCPPState,bb652823c0f48e603fdb88cf179e48356766c7abbc473b312bbcfe5d
VyFi,VyFiCPPState,76ba95d1fe62241ddc5891219b1c04dbd1edaf61f86ed7cbea013f24
VyFi,VyFiCPPState,512b87bb0f21a44f228505891931acf61de3728007e8f9ddd9876ab0
VyFi,VyFiCPPState,618dbe6dd9b4abf26ffe8d91528ef43bb1b3f33929699732cfbaf4ec
VyFi,VyFiCPPState,fec3adcc5ef36453e2437d2463fb9a0f7ed8508d896c62d29c0b7ab5
VyFi,VyFiCPPState,fe3acbd18aa5c549e8ed886e1957dc8ffe921480b7e68f0622abb5d5
VyFi,VyFiCPPState,27208a842178a37ff4f3c343f0138011c7051c609a152e4aa7826671
VyFi,VyFiCPPState,9c8213ae0a95acea46b0312089d07809dc3f3c8af20694af39f12bf3
VyFi,VyFiCPPState,985cc28921723b58d0f500a943de34fdee439583e07b14024b146720
VyFi,VyFiCPPState,5d3e4231808daeec47c42d77806814adfc217fe11aca81e119bcee14
VyFi,VyFiCPPState,1d1e88c94fb3ba67a09ba6f65b7768c7b38ea0aa3535dcaf9c2a0285
VyFi,VyFiCPPState,7131fefcd4729d480cca5f64cf481e2898d19aba99ab3ba5a9b5a848
VyFi,VyFiCPPState,e93ec0e79a07e6b3f30c8c9f1e6f463e86363848f5a96d66a5c25ba8
VyFi,VyFiCPPState,04321298f7df820d6f7550f5f3a5e5aa2fc1b0a646b351f663038684
VyFi,VyFiCPPState,3a87e5ac553cf041e93e20d7db4a0aef7af3bf018e2f2d6b28e30f51
VyFi,VyFiCPPState,2303d158c69aa3ca38657f6d97225f2a35d331608901907f42ffbc47
VyFi,VyFiCPPState,a1c82e5eb2ae0007ba0c2f677e67070a3287022316369b7994f72104
VyFi,VyFiCPPState,27b7b1e4ef1d33ccf26b11091b81fb204a0a3f66f79ed565f7f6611d
VyFi,VyFiCPPState,9a85cdcd68dd1fb5408c351d775e2c1b14944c76335c80dc1bc978bd
VyFi,VyFiCPPState,afa8060050463d4a0fddc7c5e1ff6a1bcd5469be269f910f2aa430aa
VyFi,VyFiCPPState,76ac805e3a39c9469627bcb4ada851e9359c544275bc0b6634e5eb50
VyFi,VyFiCPPState,e7ee7df4cf7368dc4cbae0cc8f5f7606ca7d077777bd65477a2a1a88
VyFi,VyFiCPPState,cfc2faf57d45ae3491d1f38ea4b954e9b96c0589bd685c578daf1dea
VyFi,VyFiCPPState,17110b4a5413ffc084669f0cb1726e163c37d6fc43ba7032632ddf13
VyFi,VyFiCPPState,d56c8ca890ffc9b209c691fd184cfb861b51d6a9b0e4e7784348c8e8
VyFi,VyFiCPPState,490f397486d13ba794dadb56fd52b7c4a0093cefbefe7dc3a4fe5ec4
VyFi,VyFiCPPState,d7fd7f388c5d5fc7281d2d362ef31eb84ccc77bad96bb89c46bd120d
VyFi,VyFiCPPState,32ca7fe53af53ad1322e308dcf02172954721dc3ce07a0e9fa6f942f
VyFi,VyFiCPPState,bd37ee0029aa9e4301fca3a0d50f6ea6b0b43ce380f2dc14be393abc
VyFi,VyFiCPPState,ed9ad22052b6a52e6ca25b721235a76a4ac7120d87868c6de64f05b8
VyFi,VyFiCPPState,7cf523a8b178fe0ebe4b578e3ca605bd37bb44d9aebac350aa04b66c
VyFi,VyFiCPPState,ff11165f9b6f65426dc9e43516581fac58b06730e1311cd5d804fea7
VyFi,VyFiCPPState,b8a8a2ba5db0a65aae131af066539ffe14c68d623986645a25990222
VyFi,VyFiCPPState,8a2de1c7903506c78a68866a246052f24569a88eceae0037c1db0693
VyFi,VyFiCPPState,0b04026219be440652e8dac33a6bc1651f6c019686ded22d94a0f615
VyFi,VyFiCPPState,e86bfc8ff2652acf6ae8c242c54a887449ac33a7e78ad256a0e54d8b
VyFi,VyFiCPPState,26f57caae10ad769e3d7b06f4f2f515f03327b83f5a9c41ba1dd5bba
VyFi,VyFiCPPState,73e3ee1b5d9750ae8bbd96d6ddd5de37c6c83f4e693b2fac5865586b
VyFi,VyFiCPPState,53973f51cc06d1b7c70e0ad9658c0fea7d19252680c5f82283a20e1f
VyFi,VyFiCPPState,00d994911148de6466439e12bb4df8a35ff6f8569b112a3c3fbafe08
VyFi,VyFiCPPState,232c10966ce4d8e67c2eae17bb57c2cf4854a57509a752fbb3c02bd1
VyFi,VyFiCPPState,3faa6d2e02b856f12fbf83d0410850819875ab464b5afda9d4de7505
VyFi,VyFiCPPState,eb4a971390c3dfde5008e7224cd1dbef61a17a92a2e4f14efabc9c39
VyFi,VyFiCPPState,98a52551cd1706e0b4ffc8f6cecf834dfc542e87a2e9b9b34a70cb1a
VyFi,VyFiCPPState,1ec54b07f2bf784c497a31e4a6921f469a201812c9f63ed21cf49e0c
VyFi,VyFiCPPState,fea0fd25b03eeb019463753e460cf86845489d9de450007b27022a43
VyFi,VyFiCPPState,572b0425b5a04e121391a52e6669331e4dbdbfe42293593c3a3618d7
VyFi,VyFiCPPState,29a531d9fdb178a922712c3f0feeeb1a1d2745f47abaeeb572256732
VyFi,VyFiCPPState,3594895029c12577fb90151c02a07825faae2bc7c456ac326182e2c7
VyFi,VyFiCPPState,0f94d904c0712b28a78deea6d79ef1af4b6d4a36374f5c9d0ecacd1d
VyFi,VyFiCPPState,ce52b5dbd06e2c0a86825c9102373ab4a0d95ad32415de28a97dc1ba
VyFi,VyFiCPPState,518fec05a3e478fe0d45facc2ffd1608242572023ccd2402167eb03a
VyFi,VyFiCPPState,1ccb0f596955371c07d5957783a3e29055b65adb5826930bdd7ae83e
VyFi,VyFiCPPState,93f5e763b774e4cdd77cee9c3b239976f88126955b306f52134fa276
VyFi,VyFiCPPState,a08488f692541747fdabd9d899bb8062d3c084750f98601682599be0
VyFi,VyFiCPPState,99604c123a24860e23ea023885f81b7846c4c2e98b13bf6c341244fd
VyFi,VyFiCPPState,14aaf27eb246a51e3b75814451abf5b59e282b1293c834ab28ed50bd
VyFi,VyFiCPPState,0f282ee6909d92b9d5bc3922a68f0fa445de1d793e2dada61ecf2eb9
VyFi,VyFiCPPState,f7c76feffdd3422398178c6ccbc30f3935a07ffcd681df20778c1c10
VyFi,VyFiCPPState,3c82881b69f53b6d3613896c9ea6c4eaeadeec817a9ff864ab110bcd
VyFi,VyFiCPPState,4f12326c15c19928f6618888572016d096e3bdc98a2d5cb1b6b41666
VyFi,VyFiCPPState,0121facaece4b14f4bca0e1f3bcbdef27c481626410c22e8288f5f87
VyFi,VyFiCPPState,8bdcc45dff68defbf417575ebd29f1e1f24b662ff5ae61667de91ea8
VyFi,VyFiCPPState,ca8b8c8a8892051a67bedc131e77cc6b207adcd92f9a467c3fde5648
VyFi,VyFiCPPState,2b009859e9508af6820d387ca9e208674d54485794b298ee715411ec
VyFi,VyFiCPPState,8b2f2a8301c996b5bfc5dc5d44ee50a37cb5d6361d4281f7601a93c5
VyFi,VyFiCPPState,468864e2b5f0f28092b1d879261185d36bacf448d3dffde45c2b78c0
VyFi,VyFiCPPState,0565b1a405b2b83571e0077fcd0dcb52ad24a526a691968dd238ebe2
VyFi,VyFiCPPState,5d6fd9a4c94ca83d1a7105fb6478ffa7d3b17a096316869193144609
VyFi,VyFiCPPState,a447f9c8e6f07101a05789928c73ac76aea51b539325957e8ab7b3c8
VyFi,VyFiCPPState,1b924253009bf1ff623a3ce244801a1bba717cc5c5e022238156191e
VyFi,VyFiCPPState,453dca3cc4bcb4bd5e72875748ea8900d5c4b4d8e2def3979d4a28f2
VyFi,VyFiCPPState,b84d7f71e9f44fd9d86368aebd7638e55059eaca5932f66e04ae3470
VyFi,VyFiCPPState,0dbc44e4790a5538b4f5787cef3dd768114b8bb0e34462e6909262fb
VyFi,VyFiCPPState,b5708350056c00edd49313d309b59171ce7b5761c1862d3120a7fcd2
VyFi,VyFiCPPState,c0d74f20370bf311a38aa40bafac414275e5709c24b5c79eab3fd4ca
VyFi,VyFiCPPState,c7666bf735ecea6d68571d72c8bba5bfbd560ad84b199af3701f1d2e
VyFi,VyFiCPPState,f60606f8853c7e3af21f5992ba02e007d034625a90c445a87ed0c3a4
VyFi,VyFiCPPState,acf4708b846bdeb02909bb56c8c3c37787ec602d273bb038d0764174
VyFi,VyFiCPPState,df83deb502d79a8a91f47de9cdb12e825b717d4aa9ccf854ea52ee1f
VyFi,VyFiCPPState,5488b88d49fab1c8c9884c872453575e0025db09d4437c414330bc74
VyFi,VyFiCPPState,3925a354791ab21528c4e57b55da0bae5cbfbed1b3da9b9b8e2bdce7
VyFi,VyFiCPPState,1b5d5915c6c27dad8c2ac4edcecd3d25f5a0e7f5a24153596de1e32d
VyFi,VyFiCPPState,b48bcdf8dafaa65ab3cc3fc600bedc6ae1d3995a182f8b1b456036f2
VyFi,VyFiCPPState,a77dce5461ae01b12dd434df9ff6d16a8c0d6d0177898310475a3756
VyFi,VyFiCPPState,5cfff4b8aaad9e0abfc754b747d31f92708945f762f725f6cf0f4b76
VyFi,VyFiCPPState,da6612e23b36a1135a858d6da6bfd371b90f3507897f24c9f2a65ed6
VyFi,VyFiCPPState,367b156bf14c7a012fea7b9059c9dfb8095ccbd4026221ba754edfaf
VyFi,VyFiCPPState,e09c446dcd50f2c4c91bd7fdd9bbc52e27fabd643c2f898f21a03614
VyFi,VyFiCPPState,b1cb69ff42df1388512fd2232d009e1c8ab5bb4ce3fb1d75589e64fc
VyFi,VyFiCPPState,730d04da38ffb7756072340338098c04413e75fedfb5669289e7c7bf
VyFi,VyFiCPPState,4e83c04d7bd449c578ceea53c6458c34c099c953a55222a38d19b1ec
VyFi,VyFiCPPState,f72a04818a47f1508cf96707202600e7c6a9d4b407420d5730cebd49
VyFi,VyFiCPPState,43fd4f096f311368b8f11d55483beebfa00adcef36d35d160b9aa439
VyFi,VyFiCPPState,751ef4db3875b449092ea3c0c0803717a545221b86a6090659ade42d
VyFi,VyFiCPPState,58e8fb892f16401837a8ef180218b7538f0d1cf4a2a7eeebd4c20aa0
VyFi,VyFiCPPState,997dc0b0506ec35297c36eddb7c93cd8519f91126b1dc4a3bfdcc9c8
VyFi,VyFiCPPState,9d17e53b7aad3e7265f603d9d112cb8e55d889f583694806f739f8b5
VyFi,VyFiCPPState,4644d4a5fea6239ad87177a3a70dfc0650f50792ea513648cda6bd39
VyFi,VyFiCPPState,86de2a62b7f80e5692e17713c2ea95df502bbb71a413c1514026c982
VyFi,VyFiCPPState,efd47423a005961c4fb01816e77f072d817b3c0fe9c0a26d2a148bc7
VyFi,VyFiCPPState,ded5cbe0f72fe062e93003bc29b53ea83ec348b17858fb86afa64b86
VyFi,VyFiCPPState,d6098cddcfaa8d5d0055dd170631d449cbb714b0e2b6b0bf9224fda2
VyFi,VyFiCPPState,dd124768af286ee5f7cf2d8155b257a703875dad5bc5ce8baf853834
VyFi,VyFiCPPState,7c86d665bd9613f1e059930778b707631655794a19c86e86a297eaef
VyFi,VyFiCPPState,7647247d6ae99fb5c37863856598ecf45fc73bf14d2d7145775018c7
VyFi,VyFiCPPState,a26084260e80437077998d3694a30a805a9c50867517979c6bc93f15
VyFi,VyFiCPPState,588fd5e0c8b1da40fd90b4e9878ecb1653fe3201958cd27fe1ee79cd
VyFi,VyFiCPPState,c1d0087c61e3a8f18501c5aa47051772fdc3d5325b98d3b0f8678619
VyFi,VyFiCPPState,31b44d4b21a8a7129cfd17fbc133e6163753f8bc9f9d81fa24f1c80c
VyFi,VyFiCPPState,db5b73e1b0a2f16fc0ee26f35af67a4180734fa22f1e3355b3d498d2
VyFi,VyFiCPPState,894f7dd2675df01abe57258d239dd6ba30bdb4cd3053746e23af81f4
VyFi,VyFiCPPState,0e499e4bf6df28fa6d6ba7d893fc044fafedcf16dec7a1ef2b3e6809
VyFi,VyFiCPPState,694490530fd3abcf89aad027583203b2735080f4e841e6e189ac40ec
VyFi,VyFiCPPState,7b91959229b2e1f1535b3f5adcdcdac0a8221630f2d9e29519ae2977
VyFi,VyFiCPPState,4d9e23d32fec99bece8a7b2237f5e153151a3b200f3c48ce1dc4d29e
VyFi,VyFiCPPState,dbb66013f721e3ffe33303bf202de965fccb8c03b9d9d0ed7ca0e92d
VyFi,VyFiCPPState,54fb6950f13eb62328958edab4e0be779f99bd18eb52c44467c3c781
VyFi,VyFiCPPState,52e16010fabc9ff669112dea5393e386444bf78b22d02b734a85e650
VyFi,VyFiCPPState,18468d885962de1a88d784aca68d138794105f42bf977cd2dd95c291
VyFi,VyFiCPPState,f1d6733a48ab715e198498270f18b0d9b2e21038acba83618caec6b4
VyFi,VyFiCPPState,7dbc1bf0d569e1ca3b24a22b900e9e1a3f737740c0e0b39a828cdb8b
VyFi,VyFiCPPState,7d7fe01e6a51fb14f0dcbd9a99ea3375c0dd4daeb4fd0429714a4709
VyFi,VyFiCPPState,2a83b32c4f0cea640ac7ea943c4e8bf2e7b0cb44ee166b421114781e
VyFi,VyFiCPPState,8ea7024dc1c2a997072f665be8cda2e8c57f4cb59b566225b847c7d8
VyFi,VyFiCPPState,ccb5d81fb15b5974a8804d8d3919787ab954119628d7f06eedfded15
VyFi,VyFiCPPState,7484719fbbae37d6068a76d0a60eea1aefff2f8d80f85b8a5fc570eb
VyFi,VyFiCPPState,1fa29b887aadfa375d366033d2c972bcb8ae30f3479c9818c26901a7
VyFi,VyFiCPPState,1cc40631c540fa268eaf505150523c3c023469b95a47404503a50e0b
WingRiders,WingRidersCPPState,e6c90a5923713af5786963dee0fdffd830ca7e0c86a041d9e5833e91
WingRiders,WingRidersSSPState,9868d58fbfcc2b14cfc7d9eec0b765e7e6fc4e950c9c2748ace9ce61
WingRidersV2,WingRidersV2CPPState,af97793b8702f381976cec83e303e9ce17781458c73c4bb16fe02b83
WingRidersV2,WingRidersV2SSPState,946ae228430f2fc64aa8b3acb910ee27e9b3e47aa8f925fac27834a1
